City_ID,City,Country,Lat,Lng,Max Temp,Humidity,Cloudiness,Wind Speed,Current Description
0,Yumen,CN,40.2833,97.2,13.86,44,100,6.62,overcast clouds
1,Talnakh,RU,69.4865,88.3972,-15.34,95,86,8.84,overcast clouds
2,Portland,US,45.5234,-122.6762,53.22,74,100,5.01,overcast clouds
3,Ushuaia,AR,-54.8,-68.3,46.06,66,75,29.93,broken clouds
4,Mantua,IT,45.1667,10.7833,43.48,93,0,5.64,clear sky
5,Bredasdorp,ZA,-34.5322,20.0403,69.12,88,87,9.22,overcast clouds
6,Khatanga,RU,71.9667,102.5,-5.49,98,99,9.46,overcast clouds
7,Fairbanks,US,64.8378,-147.7164,-7.69,74,0,0.0,clear sky
8,Busselton,AU,-33.65,115.3333,64.09,61,92,17.98,overcast clouds
9,East London,ZA,-33.0153,27.9116,74.66,83,86,14.65,overcast clouds
10,Mantenopolis,BR,-18.8625,-41.1228,75.69,75,96,2.06,light rain
11,Tuktoyaktuk,CA,69.4541,-133.0374,-0.4,85,100,24.16,light snow
12,Puerto Baquerizo Moreno,EC,-0.9,-89.6,77.99,78,75,16.11,broken clouds
13,Provideniya,RU,64.3833,-173.3,10.51,72,0,15.66,clear sky
14,Albany,US,42.6001,-73.9662,18.01,45,15,4.21,few clouds
15,Avarua,CK,-21.2078,-159.775,71.65,94,75,6.91,heavy intensity rain
16,Galeana,MX,24.8333,-100.0667,70.32,39,17,1.3,few clouds
17,Tocopilla,CL,-22.092,-70.1979,67.69,71,1,5.73,clear sky
18,Balkanabat,TM,39.5108,54.3671,44.76,52,94,6.31,overcast clouds
19,Rabo De Peixe,PT,37.8,-25.5833,58.51,95,40,20.71,scattered clouds
20,Ust-Nera,RU,64.5667,143.2,-9.18,99,100,1.79,overcast clouds
21,Punta Arenas,CL,-53.15,-70.9167,51.91,50,75,23.02,broken clouds
22,Qaanaaq,GL,77.484,-69.3632,-8.57,69,100,6.22,overcast clouds
23,Andenes,NO,69.3143,16.1194,26.58,93,75,11.5,snow
24,Bethel,US,41.3712,-73.414,23.36,54,22,2.82,few clouds
25,Port Lincoln,AU,-34.7333,135.8667,68.61,77,46,8.93,scattered clouds
26,Hambantota,LK,6.1241,81.1185,75.76,89,19,11.61,few clouds
27,New Norfolk,AU,-42.7826,147.0587,71.74,53,3,2.62,clear sky
28,Bluff,NZ,-46.6,168.3333,72.81,84,91,4.54,overcast clouds
29,Viransehir,TR,37.2353,39.7631,38.53,83,99,5.41,overcast clouds
30,Rikitea,PF,-23.1203,-134.9692,76.86,70,100,5.06,overcast clouds
31,Broken Hill,AU,-31.95,141.4333,78.51,69,75,5.75,light rain
32,Maarianhamina,AX,60.0973,19.9348,28.26,74,20,11.5,few clouds
33,San Patricio,US,28.017,-97.5169,69.89,61,56,12.3,broken clouds
34,Lasa,IT,46.6166,10.7002,44.06,42,11,6.26,few clouds
35,Atambua,ID,-9.1061,124.8925,75.96,85,89,9.06,overcast clouds
36,Cape Town,ZA,-33.9258,18.4232,73.81,77,0,3.0,clear sky
37,Castro,BR,-24.7911,-50.0119,63.25,98,98,9.19,overcast clouds
38,Thompson,CA,55.7435,-97.8558,6.96,72,20,4.61,few clouds
39,Jamestown,US,42.097,-79.2353,19.09,44,100,0.0,overcast clouds
40,Atuona,PF,-9.8,-139.0333,78.19,77,12,14.38,light rain
41,Ugoofaaru,MV,5.6667,73.0,81.97,75,45,13.0,scattered clouds
42,Puerto Ayora,EC,-0.7393,-90.3518,82.36,75,100,8.46,overcast clouds
43,Yellowknife,CA,62.456,-114.3525,-6.59,83,75,8.05,light snow
44,Butaritari,KI,3.0707,172.7902,82.11,76,22,20.94,few clouds
45,Mahebourg,MU,-20.4081,57.7,79.09,94,75,11.5,light intensity shower rain
46,Ixtapa,MX,20.7,-105.2,77.23,81,5,5.99,clear sky
47,Bahar,IR,34.9072,48.4414,24.96,68,20,6.91,few clouds
48,Warrington,GB,53.3925,-2.5802,47.08,77,75,10.0,broken clouds
49,Kamenka,RU,51.3223,42.7678,27.75,96,100,14.94,light snow
50,Torbay,CA,47.6666,-52.7314,38.39,82,75,25.32,broken clouds
51,Vaini,TO,-21.2,-175.2,80.55,75,100,12.12,light rain
52,Manoharpur,IN,27.3,75.95,52.75,32,0,3.22,clear sky
53,Shiringushi,RU,53.8485,42.7676,23.83,94,100,12.46,snow
54,Talcahuano,CL,-36.7167,-73.1167,67.68,52,0,21.85,clear sky
55,Villarrica,PY,-25.75,-56.4333,84.85,37,21,5.57,few clouds
56,Totness,SR,5.8833,-56.3167,77.16,84,72,11.74,broken clouds
57,Barra,BR,-11.0894,-43.1417,78.49,69,67,5.08,broken clouds
58,Kodiak,US,57.79,-152.4072,26.11,68,0,13.8,clear sky
59,Bilibino,RU,68.0546,166.4372,-12.73,96,79,4.99,broken clouds
60,Mar Del Plata,AR,-38.0023,-57.5575,66.87,81,75,15.01,broken clouds
61,Chokurdakh,RU,70.6333,147.9167,-29.85,94,16,2.64,few clouds
62,Kapaa,US,22.0752,-159.319,81.12,76,0,1.99,clear sky
63,Madanapalle,IN,13.55,78.5,65.07,96,8,3.6,clear sky
64,Bekhtery,UA,46.251,32.2927,38.37,81,53,14.97,broken clouds
65,Faya,SA,18.3851,42.4509,55.51,81,12,4.38,few clouds
66,Weligama,LK,5.9667,80.4167,74.75,93,31,4.18,scattered clouds
67,Adrar,MR,20.5022,-10.0711,74.39,13,100,10.63,overcast clouds
68,Gelemso,ET,8.8167,40.5167,58.01,35,21,2.35,few clouds
69,Tiksi,RU,71.6872,128.8694,-18.49,100,96,3.87,overcast clouds
70,Pacifica,US,37.6138,-122.4869,66.74,72,20,1.01,few clouds
71,Chardara,KZ,41.2547,67.9692,32.95,57,5,10.42,clear sky
72,Porto Torres,IT,40.835,8.3972,53.78,83,59,14.18,broken clouds
73,Ancud,CL,-41.8697,-73.8203,62.13,59,35,10.94,scattered clouds
74,Zabid,YE,14.1951,43.3152,74.16,69,43,4.79,scattered clouds
75,Kaitangata,NZ,-46.2817,169.8464,68.94,75,17,3.38,few clouds
76,Kingman,US,35.1894,-114.053,64.89,8,0,4.0,clear sky
77,Banda Aceh,ID,5.5577,95.3222,76.37,82,69,7.76,broken clouds
78,Najran,SA,17.4924,44.1277,59.65,31,13,1.36,few clouds
79,Havre-Saint-Pierre,CA,50.2334,-63.5986,12.2,72,40,14.97,scattered clouds
80,Meulaboh,ID,4.1363,96.1285,76.21,87,80,3.04,broken clouds
81,Saint-Philippe,RE,-21.3585,55.7679,76.59,83,43,10.13,scattered clouds
82,Lubango,AO,-14.9172,13.4925,58.26,91,98,4.76,overcast clouds
83,Saldanha,ZA,-33.0117,17.9442,66.25,92,71,6.58,broken clouds
84,Mopipi,BW,-21.1833,24.8833,72.12,76,80,11.63,light rain
85,Nome,US,64.5011,-165.4064,-0.83,77,0,0.0,clear sky
86,Comodoro Rivadavia,AR,-45.8667,-67.5,60.66,33,40,8.05,scattered clouds
87,Mataura,NZ,-46.1927,168.8643,72.48,58,46,1.7,scattered clouds
88,Tabou,CI,4.423,-7.3528,79.45,87,22,6.51,few clouds
89,Norman Wells,CA,65.282,-126.8329,-25.56,68,75,0.0,light snow
90,Hamilton,US,39.1834,-84.5333,38.64,57,0,11.5,clear sky
91,Slantsy,RU,59.1182,28.0914,27.73,97,100,5.39,snow
92,Maceio,BR,-9.6658,-35.7353,81.84,83,20,4.61,few clouds
93,Hithadhoo,MV,-0.6,73.0833,81.55,70,76,8.93,broken clouds
94,Vao,NC,-22.6667,167.4833,79.11,85,99,8.55,overcast clouds
95,Victoria,HK,22.2855,114.1577,59.25,77,88,1.99,overcast clouds
96,Benguela,AO,-12.5763,13.4055,76.68,80,100,4.43,overcast clouds
97,Sainte-Rose,GP,16.3324,-61.6979,78.84,73,75,5.75,broken clouds
98,Chuy,UY,-33.6971,-53.4616,71.64,72,16,14.05,few clouds
99,Padang,ID,-0.9492,100.3543,73.45,88,100,3.71,heavy intensity rain
100,Longyearbyen,SJ,78.2186,15.6401,8.44,61,0,20.71,clear sky
101,Benghazi,LY,32.1167,20.0667,56.46,62,97,18.77,overcast clouds
102,Dikson,RU,73.5069,80.5464,-4.4,94,100,21.59,overcast clouds
103,Nabire,ID,-3.3667,135.4833,75.87,87,100,3.58,overcast clouds
104,Kruisfontein,ZA,-34.0033,24.7314,66.88,96,84,2.75,broken clouds
105,Port Alfred,ZA,-33.5906,26.891,73.4,89,98,16.98,overcast clouds
106,Nanortalik,GL,60.1432,-45.2371,17.73,83,100,23.31,snow
107,Alta Floresta,BR,-9.8756,-56.0861,70.65,97,98,3.04,overcast clouds
108,Tazovskiy,RU,67.4667,78.7,-10.37,99,99,8.52,overcast clouds
109,Paramonga,PE,-10.6667,-77.8333,71.65,82,100,8.05,overcast clouds
110,Tuzha,RU,57.6062,47.936,14.29,96,99,5.32,overcast clouds
111,Terra Rica,BR,-22.7094,-52.6169,74.17,87,64,4.9,broken clouds
112,Am Timan,TD,11.0297,20.2827,71.2,18,4,8.08,clear sky
113,Flinders,AU,-34.5833,150.8552,82.06,73,18,7.0,few clouds
114,Vestmannaeyjar,IS,63.4427,-20.2734,31.64,63,100,38.18,light snow
115,Belaya Gora,RU,68.5333,146.4167,-32.17,100,87,2.26,overcast clouds
116,Severo-Kurilsk,RU,50.6789,156.125,28.11,95,100,9.15,snow
117,Port Hedland,AU,-20.3167,118.5667,80.65,89,95,9.22,overcast clouds
118,Lorengau,PG,-2.0226,147.2712,79.09,85,100,12.95,overcast clouds
119,Feni,BD,23.0186,91.41,53.11,68,16,4.0,few clouds
120,Saint George,US,37.1041,-113.5841,64.87,16,0,1.99,clear sky
121,Yakima,US,46.4665,-120.6678,32.18,85,100,3.44,overcast clouds
122,Lompoc,US,34.6391,-120.4579,73.02,45,0,19.57,clear sky
123,Katangli,RU,51.7102,143.2326,-1.01,93,100,18.61,overcast clouds
124,Waingapu,ID,-9.6567,120.2641,79.11,83,100,10.33,overcast clouds
125,Paamiut,GL,61.994,-49.6678,15.37,78,100,6.73,light snow
126,San Cristobal,VE,7.7669,-72.225,69.98,83,96,3.67,overcast clouds
127,Ishigaki,JP,24.3448,124.1572,59.13,67,75,10.36,broken clouds
128,Marau,BR,-28.4492,-52.2,67.17,88,48,2.06,scattered clouds
129,Sterling,US,39.0062,-77.4286,31.33,55,100,5.99,overcast clouds
130,Harper,LR,4.375,-7.7169,79.52,86,61,7.16,broken clouds
131,Sitka,US,57.0531,-135.33,37.29,81,100,5.75,overcast clouds
132,Kelvington,CA,52.1667,-103.5343,22.66,96,36,5.17,scattered clouds
133,Maxixe,MZ,-23.8597,35.3472,73.54,85,54,6.22,broken clouds
134,Tasiilaq,GL,65.6145,-37.6368,8.76,53,97,10.58,overcast clouds
135,Coquimbo,CL,-29.9533,-71.3436,67.73,72,0,13.8,clear sky
136,Port Elizabeth,ZA,-33.918,25.5701,70.09,94,20,11.5,few clouds
137,Ilmajoki,FI,62.7333,22.5667,20.98,70,100,10.36,overcast clouds
138,Codrington,AU,-38.2667,141.9667,71.51,76,59,4.88,broken clouds
139,Cayenne,GF,4.9333,-52.3333,77.09,91,75,1.99,broken clouds
140,La Ronge,CA,55.1001,-105.2842,12.45,79,100,5.75,overcast clouds
141,Cairns,AU,-16.9167,145.7667,89.94,77,100,3.44,overcast clouds
142,Vayalar,IN,9.7,76.3333,75.18,83,5,4.43,clear sky
143,Kenai,US,60.5544,-151.2583,23.09,92,0,5.75,clear sky
144,Sirsilla,IN,18.3833,78.8333,62.44,26,0,2.98,clear sky
145,Hilo,US,19.7297,-155.09,78.12,59,40,8.05,scattered clouds
146,Ouango,CF,4.3133,22.5552,68.47,35,81,2.71,broken clouds
147,Fortuna,US,40.5982,-124.1573,60.42,76,20,1.01,few clouds
148,Namatanai,PG,-3.6667,152.4333,82.63,74,100,3.94,overcast clouds
149,Aromashevo,RU,56.8602,68.6375,6.8,95,100,6.13,overcast clouds
150,Vardo,NO,70.3705,31.1107,28.15,62,98,12.95,overcast clouds
151,Alofi,NU,-19.0595,-169.9187,73.29,94,100,3.44,overcast clouds
152,Rabaul,PG,-4.1967,152.1721,81.73,73,100,4.34,overcast clouds
153,Diego De Almagro,CL,-26.3667,-70.05,69.01,41,0,9.35,clear sky
154,Marsa Matruh,EG,31.3525,27.2453,50.2,87,40,13.8,scattered clouds
155,Mbuji-Mayi,CD,-6.15,23.6,67.23,92,93,2.15,light rain
156,Coihaique,CL,-45.5752,-72.0662,56.01,47,40,8.05,scattered clouds
157,Lazaro Cardenas,MX,17.9583,-102.2,82.63,52,0,10.92,clear sky
158,Verkhnevilyuysk,RU,63.4453,120.3167,-24.43,100,41,3.89,scattered clouds
159,Laksham,BD,23.2472,91.1425,54.52,65,3,4.14,clear sky
160,Whitehorse,CA,60.7161,-135.0538,7.81,71,75,8.99,light snow
161,Caramay,PH,10.1815,119.236,76.55,85,29,2.59,scattered clouds
162,Deputatskiy,RU,69.3,139.9,-25.17,100,67,2.01,broken clouds
163,Ginir,ET,7.1333,40.7,56.52,19,83,5.03,broken clouds
164,Batagay,RU,67.6333,134.6333,-35.82,99,58,1.14,broken clouds
165,Te Anau,NZ,-45.4167,167.7167,69.71,65,25,1.05,scattered clouds
166,Half Moon Bay,US,37.4636,-122.4286,67.41,71,0,3.0,haze
167,Okhotsk,RU,59.3833,143.3,13.28,74,100,16.98,overcast clouds
168,Ambilobe,MG,-13.2,49.05,73.85,94,73,1.03,broken clouds
169,Barrow,US,71.2906,-156.7887,-7.58,84,100,10.36,snow
170,Andra,RU,62.5147,65.8878,-8.84,100,100,2.53,overcast clouds
171,Vilhena,BR,-12.7406,-60.1458,70.02,100,75,17.27,moderate rain
172,Tahta,EG,26.7693,31.5021,48.52,49,1,5.39,clear sky
173,Talara,PE,-4.5772,-81.2719,77.76,65,0,12.66,clear sky
174,Lebu,CL,-37.6167,-73.65,59.13,68,0,20.71,clear sky
175,Abreus,CU,22.2775,-80.5675,68.31,47,0,12.24,clear sky
176,San Quintin,MX,30.4833,-115.95,64.02,49,1,9.98,clear sky
177,Ribeira Grande,PT,38.5167,-28.7,59.04,74,56,25.68,broken clouds
178,Luanda,AO,-8.8368,13.2343,78.8,83,75,9.22,broken clouds
179,Mariel,CU,22.9875,-82.7536,59.25,60,10,13.51,light rain
180,Esperance,AU,-33.8667,121.9,66.04,80,38,16.6,scattered clouds
181,Synya,RU,65.3718,58.0387,11.71,91,100,7.74,overcast clouds
182,Bengkulu,ID,-3.8004,102.2655,75.49,89,99,4.18,heavy intensity rain
183,Bongandanga,CD,1.5,21.05,71.04,34,93,2.53,overcast clouds
184,Hermanus,ZA,-34.4187,19.2345,71.91,86,97,12.84,overcast clouds
185,Komsomolskiy,UZ,40.4272,71.7189,29.62,86,100,2.3,mist
186,Hingatungan,PH,10.584,125.1852,78.48,86,70,1.5,broken clouds
187,Dubovka,RU,49.0583,44.829,31.15,94,100,9.69,overcast clouds
188,Ternate,ID,0.8,127.4,80.11,77,100,10.13,overcast clouds
189,Streletskoye,RU,50.6371,36.4729,31.01,93,100,8.95,overcast clouds
190,Barcelos,PT,41.5388,-8.6151,49.84,64,1,3.47,clear sky
191,Aripuana,BR,-9.1667,-60.6333,72.52,99,100,1.97,light rain
192,Qaqortoq,GL,60.7167,-46.0333,21.7,69,100,20.18,light snow
193,Mackay,AU,-21.15,149.2,85.68,74,40,12.66,scattered clouds
194,Upernavik,GL,72.7868,-56.1549,-3.35,94,100,4.0,overcast clouds
195,Kokstad,ZA,-30.5472,29.4241,61.59,95,100,3.38,overcast clouds
196,Nuuk,GL,64.1835,-51.7216,12.81,67,40,18.41,scattered clouds
197,Sai Buri,TH,6.7013,101.6168,71.31,89,47,5.88,scattered clouds
198,Cody,US,44.5263,-109.0565,44.64,36,0,11.5,clear sky
199,Normandin,CA,48.8333,-72.5321,5.31,61,86,12.66,overcast clouds
200,Constitucion,CL,-35.3333,-72.4167,63.43,70,4,18.39,clear sky
201,Vila Franca Do Campo,PT,37.7167,-25.4333,59.41,80,57,15.08,broken clouds
202,Leningradskiy,RU,69.3833,178.4167,-14.48,95,81,3.74,broken clouds
203,Searcy,US,35.2506,-91.7363,64.4,19,0,6.91,clear sky
204,Georgetown,MY,5.4112,100.3354,79.9,94,20,3.0,few clouds
205,Broome,US,42.2506,-75.833,19.98,62,75,6.91,broken clouds
206,Bambous Virieux,MU,-20.3428,57.7575,79.05,94,75,11.5,light intensity shower rain
207,Hobart,AU,-42.8794,147.3294,72.1,72,20,5.75,few clouds
208,Guerrero Negro,MX,27.9769,-114.0611,64.17,54,92,14.05,overcast clouds
209,Cabo San Lucas,MX,22.8909,-109.9124,79.61,67,83,1.01,broken clouds
210,Sabinas,MX,27.85,-101.1167,67.77,33,45,11.3,scattered clouds
211,Nikolskoye,RU,59.7035,30.7861,27.39,96,100,5.7,snow
212,Urubicha,BO,-15.3833,-62.95,73.15,98,41,3.83,scattered clouds
213,Mount Gambier,AU,-37.8333,140.7667,62.51,100,100,4.61,mist
214,Manicore,BR,-5.8092,-61.3003,73.47,93,99,1.9,overcast clouds
215,Sorland,NO,67.667,12.6934,30.27,45,86,6.02,overcast clouds
216,Leshukonskoye,RU,64.8989,45.7622,8.83,95,100,5.59,overcast clouds
217,Puerto Del Rosario,ES,28.5004,-13.8627,65.88,68,0,11.5,haze
218,Pativilca,PE,-10.7,-77.7833,71.24,80,100,7.56,overcast clouds
219,Salalah,OM,17.0151,54.0924,69.89,73,0,5.75,clear sky
220,Palmer,US,42.1584,-72.3287,21.81,34,20,6.91,few clouds
221,Paso De Los Toros,UY,-32.8167,-56.5167,76.59,41,0,5.86,clear sky
222,Saint-Joseph,RE,-21.3667,55.6167,75.58,81,25,11.39,scattered clouds
223,Kavieng,PG,-2.5744,150.7967,82.11,74,91,2.3,light rain
224,Dom Pedrito,BR,-30.9828,-54.6731,76.64,54,6,10.51,clear sky
225,Pinega,RU,64.7001,43.3936,9.27,96,100,4.18,overcast clouds
226,Itaituba,BR,-4.2761,-55.9836,74.19,92,100,0.56,light rain
227,Waipawa,NZ,-41.4122,175.5153,71.92,64,69,8.59,broken clouds
228,Bandarbeyla,SO,9.4942,50.8122,75.2,77,97,15.3,overcast clouds
229,Appleton,US,44.2619,-88.4154,28.49,61,100,0.0,overcast clouds
230,Airai,TL,-8.9266,125.4092,63.84,84,85,4.61,overcast clouds
231,West Odessa,US,31.8424,-102.4988,67.69,27,0,9.22,clear sky
232,Souillac,MU,-20.5167,57.5167,79.18,94,75,11.5,light intensity shower rain
233,Borogontsy,RU,62.6683,131.1683,-37.79,100,72,0.4,broken clouds
234,Berlevag,NO,70.8578,29.0864,30.2,93,100,6.91,overcast clouds
235,Muli,MV,2.9167,73.5667,81.95,74,52,12.88,broken clouds
236,Manokwari,ID,-0.8667,134.0833,79.09,74,100,9.51,overcast clouds
237,Zlobin,HR,45.2924,14.6541,37.62,87,0,3.44,clear sky
238,Erenhot,CN,43.6475,111.9767,4.15,88,100,16.93,overcast clouds
239,Huarmey,PE,-10.0681,-78.1522,71.69,82,100,8.95,overcast clouds
240,Laguna,US,38.421,-121.4238,65.41,54,0,1.01,clear sky
241,Pangnirtung,CA,66.1451,-65.7125,-21.53,83,92,6.22,overcast clouds
242,Touros,BR,-5.1989,-35.4608,81.5,78,19,12.21,few clouds
243,Itarema,BR,-2.9248,-39.9167,77.04,83,100,8.86,overcast clouds
244,Pevek,RU,69.7008,170.3133,-15.7,97,96,2.19,overcast clouds
245,Vanimo,PG,-2.6741,141.3028,76.78,89,100,7.4,overcast clouds
246,Ponta Do Sol,PT,32.6667,-17.1,65.12,40,1,9.64,clear sky
247,Xinzhi,CN,36.4989,111.7047,23.54,45,0,8.12,clear sky
248,Kysyl-Syr,RU,63.8986,122.7617,-27.54,100,99,3.6,overcast clouds
249,Aykhal,RU,66.0,111.5,-21.84,100,91,3.91,overcast clouds
250,Verkhnyaya Inta,RU,65.9811,60.3094,-3.03,96,100,5.48,overcast clouds
251,Santa Isabel Do Rio Negro,BR,-0.4139,-65.0192,76.66,86,96,2.62,overcast clouds
252,Huai Yot,TH,7.7893,99.6348,71.49,97,53,2.44,broken clouds
253,Arraial Do Cabo,BR,-22.9661,-42.0278,76.86,88,75,10.36,broken clouds
254,Tuatapere,NZ,-46.1333,167.6833,72.82,66,28,4.23,scattered clouds
255,Northam,GB,51.0333,-4.2167,49.01,85,77,25.52,broken clouds
256,Mtambile,TZ,-5.3833,39.7,78.4,82,67,8.03,broken clouds
257,Agadez,NE,19.75,10.25,54.73,18,1,12.84,clear sky
258,Bartlesville,US,36.7473,-95.9808,60.51,26,0,3.44,clear sky
259,Tumut,AU,-35.3,148.2167,74.39,63,0,1.97,clear sky
260,Nizwa,OM,22.9333,57.5333,66.88,45,0,0.65,clear sky
261,Medina Del Campo,ES,41.3124,-4.9141,35.2,41,2,2.84,clear sky
262,Pala,TD,9.3642,14.9046,68.59,15,9,8.46,clear sky
263,Bam,IR,29.106,58.357,48.7,36,0,1.7,clear sky
264,Sungaipenuh,ID,-2.0833,101.3833,64.4,97,95,3.04,overcast clouds
265,Osorno,CL,-40.5667,-73.15,66.51,39,75,8.05,broken clouds
266,Conde,BR,-7.2597,-34.9075,80.06,89,20,5.75,few clouds
267,Clyde River,CA,70.4692,-68.5914,-21.77,76,40,4.61,scattered clouds
268,Wonthaggi,AU,-38.6044,145.5913,76.42,77,49,4.59,scattered clouds
269,Chimbote,PE,-9.0853,-78.5783,71.8,80,100,8.72,overcast clouds
270,Dingle,PH,10.9995,122.6711,75.38,92,55,4.34,broken clouds
271,Sola,VU,-13.8833,167.55,79.47,83,100,3.44,overcast clouds
272,Kulhudhuffushi,MV,6.6221,73.07,81.19,75,20,9.35,few clouds
273,Kodinsk,RU,58.6881,99.1844,-14.26,100,100,1.14,overcast clouds
274,Shelburne,CA,44.0787,-80.2041,19.29,94,58,6.8,broken clouds
275,Yeppoon,AU,-23.1333,150.7333,80.38,72,30,9.93,scattered clouds
276,Dhulagari,IN,22.5869,88.1731,58.89,51,18,2.08,few clouds
277,Bataipora,BR,-22.2953,-53.2711,73.76,91,50,2.82,scattered clouds
278,Macia,MZ,-25.0269,33.0989,70.88,92,91,3.02,overcast clouds
279,Isangel,VU,-19.55,169.2667,82.51,94,75,4.61,broken clouds
280,Ongandjera,NA,-17.8833,15.0667,72.99,33,100,12.41,overcast clouds
281,Neuquen,AR,-38.9516,-68.0591,78.69,14,0,13.8,clear sky
282,Sorong,ID,-0.8833,131.25,82.31,76,100,11.61,overcast clouds
283,Ierapetra,GR,35.01,25.7353,51.98,81,11,1.99,few clouds
284,Oum Hadjer,TD,13.2954,19.6966,64.62,16,1,12.66,clear sky
285,De-Kastri,RU,51.4667,140.7833,-9.45,95,91,9.69,overcast clouds
286,Abalak,RU,58.1286,68.5944,2.03,97,100,4.03,overcast clouds
287,Vereeniging,ZA,-26.6731,27.9261,65.84,93,99,5.1,light rain
288,Dombarovskiy,RU,50.7587,59.5386,24.53,95,100,15.86,overcast clouds
289,Lumphat,KH,13.4878,106.9816,72.18,84,66,4.79,broken clouds
290,Almaznyy,RU,48.0448,40.045,33.94,98,100,15.88,snow
291,Morlaix,FR,48.5833,-4.0,48.52,100,100,10.36,overcast clouds
292,Barsana,IN,27.65,77.3833,51.08,50,0,1.43,clear sky
293,Vikhorevka,RU,56.1201,101.1636,-9.81,99,100,0.85,overcast clouds
294,Qiyang,CN,26.5911,111.8474,36.36,99,100,1.25,light rain
295,Hofn,IS,64.2539,-15.2082,26.15,51,1,20.49,clear sky
296,Novo Aripuana,BR,-5.1206,-60.3797,73.98,94,95,2.28,overcast clouds
297,Ikwiriri,TZ,-7.9562,38.9716,73.36,99,98,0.49,moderate rain
298,El Viejo,NI,12.6633,-87.1672,86.22,66,40,4.61,scattered clouds
299,Sinnamary,GF,5.3833,-52.95,76.51,87,46,12.37,scattered clouds
300,Goderich,CA,43.7501,-81.7165,22.91,68,82,5.75,broken clouds
301,Marawi,PH,7.9986,124.2928,65.64,89,33,1.32,scattered clouds
302,Montepuez,MZ,-13.1256,38.9997,67.21,99,27,2.91,scattered clouds
303,Cherskiy,RU,68.75,161.3,-28.21,99,99,1.41,overcast clouds
304,Mareeba,AU,-17.0,145.4333,81.45,83,100,1.9,overcast clouds
305,Richards Bay,ZA,-28.783,32.0377,71.17,87,98,5.68,overcast clouds
306,Ust-Tsilma,RU,65.441,52.1498,10.87,94,100,6.26,overcast clouds
307,North Branch,US,45.5113,-92.9802,23.09,74,100,2.66,overcast clouds
308,Kailua,US,21.4022,-157.7394,80.58,61,40,12.66,scattered clouds
309,Saskylakh,RU,71.9167,114.0833,-20.81,100,98,2.62,overcast clouds
310,Las Cruces,US,32.3123,-106.7783,62.71,28,75,1.01,broken clouds
311,Chizhou,CN,30.6578,117.4831,34.84,83,94,0.67,overcast clouds
312,Coacoyul,MX,17.8058,-99.11,85.23,32,6,3.67,clear sky
313,Surt,LY,31.2089,16.5887,56.23,63,8,12.15,clear sky
314,Karratha,AU,-20.7377,116.8463,83.79,60,69,17.11,broken clouds
315,Kahului,US,20.8947,-156.47,82.42,55,20,18.41,few clouds
316,Bissora,GW,12.2231,-15.4475,78.87,45,58,3.44,broken clouds
317,Pueblo Rico,CO,5.2383,-76.0364,78.28,98,100,3.4,overcast clouds
318,Wamba,NG,8.9333,8.6,69.42,16,92,4.79,overcast clouds
319,Carnarvon,AU,-24.8667,113.6333,78.87,73,47,14.97,scattered clouds
320,Ballina,AU,-28.8667,153.5667,78.98,89,100,9.22,overcast clouds
321,Tura,IN,25.5198,90.2201,51.48,59,2,3.18,clear sky
322,Nouadhibou,MR,20.931,-17.0347,66.18,59,100,17.27,overcast clouds
323,Sao Filipe,CV,14.8961,-24.4956,71.51,71,99,13.85,overcast clouds
324,Olafsvik,IS,64.8945,-23.7142,27.73,56,100,29.15,light snow
325,Burns Lake,CA,54.2331,-125.7533,35.02,80,90,6.33,light snow
326,Fare,PF,-16.7,-151.0167,80.67,72,20,9.13,few clouds
327,Pacific Grove,US,36.6177,-121.9166,67.57,68,0,3.0,clear sky
328,Kato Khorion,GR,35.05,25.7833,51.19,81,15,1.99,few clouds
329,Bac Lieu,VN,9.285,105.7244,76.06,85,38,11.32,scattered clouds
330,Luderitz,NA,-26.6481,15.1594,64.76,87,65,9.51,broken clouds
331,Tomatlan,MX,19.9333,-105.25,85.41,39,1,8.37,clear sky
332,Sao Gabriel Da Cachoeira,BR,-0.1303,-67.0892,77.97,83,79,0.94,broken clouds
333,Willmar,US,45.1219,-95.0433,17.62,73,100,0.0,overcast clouds
334,Lagoa,PT,39.05,-27.9833,58.51,70,58,25.9,broken clouds
335,Mehamn,NO,71.0357,27.8492,30.15,86,75,21.85,light shower snow
336,Necochea,AR,-38.5473,-58.7368,66.04,63,77,22.32,broken clouds
337,Lichinga,MZ,-13.3128,35.2406,66.29,82,40,6.91,scattered clouds
338,Arman,RU,59.7,150.1667,6.94,76,100,14.99,overcast clouds
339,Abnub,EG,27.2696,31.1511,48.42,45,1,7.11,clear sky
340,Danane,CI,7.2596,-8.155,70.39,27,58,2.64,broken clouds
341,The Valley,AI,18.217,-63.0578,78.94,73,20,9.22,few clouds
342,Farcasa,RO,47.5833,23.3333,38.43,70,75,11.5,broken clouds
343,Saint-Francois,FR,46.4154,3.9054,38.64,93,100,0.0,overcast clouds
344,Sao Jose Da Coroa Grande,BR,-8.8978,-35.1478,79.2,80,88,8.32,overcast clouds
345,Vung Tau,VN,10.346,107.0843,78.08,79,67,19.39,broken clouds
346,La Palma,US,33.8464,-118.0467,78.91,48,0,8.01,clear sky
347,Tautira,PF,-17.7333,-149.15,86.02,75,95,12.15,overcast clouds
348,Riyadh,SA,24.6877,46.7219,55.54,44,0,9.89,clear sky
349,Ilulissat,GL,69.2167,-51.1,5.02,56,75,13.8,broken clouds
350,Antsohihy,MG,-14.8796,47.9875,75.42,91,48,1.88,scattered clouds
351,Sabha,LY,27.0377,14.4283,45.34,51,0,6.73,clear sky
352,Atar,MR,20.5169,-13.0499,79.61,11,100,8.9,overcast clouds
353,Quatre Cocos,MU,-20.2078,57.7625,78.91,82,100,15.84,light rain
354,Verkhoyansk,RU,67.5447,133.385,-36.11,100,96,1.14,overcast clouds
355,Soe,ID,-9.8607,124.284,69.46,85,77,8.16,broken clouds
356,Areosa,PT,41.7178,-8.8571,51.91,64,4,6.82,clear sky
357,Berbera,SO,10.4396,45.0143,73.15,67,29,7.02,scattered clouds
358,Imbituba,BR,-28.24,-48.6703,75.09,73,30,4.99,scattered clouds
359,Homer,US,59.6425,-151.5483,24.67,85,75,4.61,broken clouds
360,Plettenberg Bay,ZA,-34.0527,23.3716,68.95,93,77,1.01,broken clouds
361,Manggar,ID,-2.8833,108.2667,77.61,84,75,6.49,broken clouds
362,Birjand,IR,32.8663,59.2211,27.07,46,0,4.61,clear sky
363,Itoman,JP,26.1247,127.6694,59.02,53,40,24.16,scattered clouds
364,Charleston,US,32.7766,-79.9309,48.36,52,0,7.0,clear sky
365,Ushtobe,KZ,45.2514,77.9838,24.64,95,24,6.26,few clouds
366,Kipini,KE,-2.5257,40.5262,79.09,87,86,8.84,overcast clouds
367,Ondangwa,NA,-17.9167,15.95,69.8,88,100,4.61,overcast clouds
368,Buin,CL,-33.7333,-70.75,82.74,46,0,8.9,clear sky
369,Puerto Carreno,CO,6.189,-67.4859,91.38,35,20,10.36,few clouds
370,Caravelas,BR,-17.7125,-39.2481,79.59,84,19,11.36,few clouds
371,Seoul,KR,37.5683,126.9778,20.64,76,0,2.3,clear sky
372,Labuhan,ID,-6.8844,112.2051,77.88,87,100,8.1,overcast clouds
373,Pataskala,US,39.9956,-82.6743,29.86,52,0,0.0,clear sky
374,Kushmurun,KZ,52.4503,64.6311,14.29,96,64,10.47,broken clouds
375,Jalu,LY,29.0331,21.5482,54.27,57,78,14.23,broken clouds
376,Okha,RU,53.5739,142.9478,9.79,93,100,20.96,light snow
377,Bingol,TR,38.8847,40.4939,22.14,97,100,1.88,light snow
378,San Ramon,US,37.7799,-121.978,65.43,55,0,1.01,clear sky
379,Tilichiki,RU,60.4667,166.1,18.07,77,100,11.77,overcast clouds
380,Gushikawa,JP,26.3544,127.8686,58.23,55,100,12.66,overcast clouds
381,Abu Samrah,SY,35.3029,37.1841,43.09,72,96,0.76,overcast clouds
382,Westerland,DE,54.9079,8.3033,39.02,87,40,3.44,scattered clouds
383,Shimoda,JP,34.6667,138.95,38.1,66,99,9.33,overcast clouds
384,Haines Junction,CA,60.7522,-137.5108,10.35,56,98,8.05,overcast clouds
385,Coueron,FR,47.2151,-1.7217,46.35,93,100,4.61,overcast clouds
386,Pine Bluff,US,34.2284,-92.0032,67.93,19,0,4.61,clear sky
387,Koulamoutou,GA,-1.1303,12.4736,73.65,81,90,1.99,overcast clouds
388,Rorvik,NO,64.8621,11.2373,36.16,49,96,3.62,overcast clouds
389,Apricena,IT,41.7839,15.4437,39.02,54,0,0.4,clear sky
390,Camacari,BR,-12.6975,-38.3242,83.97,84,34,6.91,scattered clouds
391,Terney,RU,45.0503,136.6092,0.25,81,2,11.65,clear sky
392,Amazar,RU,53.858,120.875,-3.33,92,100,3.96,overcast clouds
393,Dodola,ET,6.9833,39.1833,51.3,40,81,3.11,broken clouds
394,Tigil,RU,57.8,158.6667,30.58,67,100,25.97,overcast clouds
395,College,US,64.8569,-147.8028,-6.77,74,20,0.0,few clouds
396,Juybar,IR,36.6412,52.9124,44.58,63,0,4.27,clear sky
397,Egvekinot,RU,66.3167,-179.1667,0.45,66,70,7.83,broken clouds
398,Zyryanka,RU,65.75,150.85,-16.96,98,100,8.03,overcast clouds
399,Fort Saint James,CA,54.4333,-124.25,32.94,96,93,0.67,overcast clouds
400,Merano,IT,46.6682,11.1595,50.7,47,0,6.51,clear sky
401,Caidian,CN,30.5833,114.0333,33.93,77,100,3.31,light snow
402,Kozlovo,RU,56.5167,36.2667,24.26,95,100,8.34,snow
403,Pundaguitan,PH,6.3711,126.1689,80.44,75,100,4.79,overcast clouds
404,Katsuura,JP,35.1333,140.3,39.31,50,100,12.66,overcast clouds
405,Tupik,RU,54.4253,119.9327,-9.26,94,100,3.15,overcast clouds
406,Pingliang,CN,35.5392,106.6861,6.28,83,2,5.08,clear sky
407,Karasjok,NO,69.4719,25.5112,3.31,99,19,3.15,few clouds
408,San Carlos De Bariloche,AR,-41.1456,-71.3082,58.75,29,20,19.57,few clouds
409,Hovd,MN,48.0056,91.6419,-14.35,81,23,1.77,few clouds
410,Prince Rupert,CA,54.3161,-130.3201,38.89,81,100,4.61,overcast clouds
411,Husavik,IS,66.0449,-17.3389,24.71,68,44,31.23,scattered clouds
412,Mitu,CO,1.1983,-70.1733,78.13,58,36,1.88,scattered clouds
413,Honiara,SB,-9.4333,159.95,83.75,76,100,3.98,overcast clouds
414,Dongsheng,CN,39.8161,109.9776,6.96,48,0,16.78,clear sky
415,Russell,US,32.3502,-85.1999,63.68,27,0,6.91,clear sky
416,Hasaki,JP,35.7333,140.8333,34.2,47,100,16.75,overcast clouds
417,Litovko,RU,49.2361,135.1742,-28.46,100,33,1.68,scattered clouds
418,Tecpan,GT,14.7623,-90.9947,61.92,70,72,2.48,broken clouds
419,Shache,CN,38.4167,77.2406,28.71,41,100,1.57,overcast clouds
420,Jerome,US,42.7241,-114.5186,27.88,81,0,11.5,clear sky
421,Umm Kaddadah,SD,13.6017,26.6876,56.46,18,0,13.6,clear sky
422,Brigantine,US,39.4101,-74.3646,25.0,49,0,8.05,clear sky
423,Narsaq,GL,60.9167,-46.05,21.42,77,100,21.39,light snow
424,Taltal,CL,-25.4,-70.4833,67.3,75,25,7.16,scattered clouds
425,Cururupu,BR,-1.8283,-44.8683,74.64,95,98,5.99,overcast clouds
426,Ponta Delgada,PT,37.7333,-25.6667,59.72,72,40,20.71,scattered clouds
427,Grindavik,IS,63.8424,-22.4338,26.55,93,75,37.98,light shower snow
428,Veraval,IN,20.9,70.3667,65.35,60,0,10.0,clear sky
429,Noumea,NC,-22.2763,166.4572,84.18,99,100,9.69,overcast clouds
430,Los Llanos De Aridane,ES,28.6585,-17.9182,58.75,78,0,5.99,clear sky
431,Ilhabela,BR,-23.7781,-45.3581,74.7,90,100,3.11,overcast clouds
432,Betafo,MG,-19.8333,46.85,59.77,92,21,4.25,few clouds
433,Oktyabrskiy,RU,54.4815,53.471,24.28,97,99,4.99,overcast clouds
434,Pemba,MZ,-12.974,40.5178,79.5,83,20,1.99,few clouds
435,Kurilsk,RU,45.2333,147.8833,18.63,65,100,18.7,overcast clouds
436,Ilebo,CD,-4.3167,20.5833,73.11,79,97,2.17,overcast clouds
437,Mao,ES,39.8885,4.2658,46.96,87,0,6.91,clear sky
438,Geraldton,AU,-28.7667,114.6,70.21,88,100,6.91,overcast clouds
439,Khash,IR,28.2211,61.2158,48.54,55,0,2.95,clear sky
440,Hurghada,EG,27.2574,33.8129,57.24,38,0,9.22,clear sky
441,Sur,OM,22.5667,59.5289,70.83,67,0,4.72,clear sky
442,Tuy Hoa,VN,13.0833,109.3,72.82,89,53,1.68,broken clouds
443,Les Escoumins,CA,48.1111,-69.0236,13.35,85,51,11.14,broken clouds
444,Ostrovnoy,RU,68.0531,39.5131,8.6,97,95,8.48,overcast clouds
445,Victor Harbor,AU,-35.5667,138.6167,85.8,81,45,4.36,scattered clouds
446,Barra Patuca,HN,15.8,-84.2833,73.63,72,85,15.3,overcast clouds
447,Levokumskoye,RU,44.8219,44.6606,30.15,86,47,4.94,scattered clouds
448,Rocha,UY,-34.4833,-54.3333,69.35,75,0,11.05,clear sky
449,Opuwo,NA,-18.0607,13.84,63.41,52,50,6.51,scattered clouds
450,Wisconsin Rapids,US,44.3836,-89.8174,27.79,58,0,4.61,clear sky
451,Sao Joao Da Barra,BR,-21.6403,-41.0511,76.55,90,21,7.16,few clouds
452,Strezhevoy,RU,60.7333,77.5889,6.78,95,100,9.01,overcast clouds
453,Pisco,PE,-13.7,-76.2167,73.45,68,75,4.61,broken clouds
454,Bani Walid,LY,31.7566,13.9942,47.5,81,0,8.39,clear sky
455,Wuda,CN,39.4994,106.7117,10.51,40,0,2.19,clear sky
456,Mailsi,PK,29.8003,72.1758,56.68,29,0,3.09,clear sky
457,Choix,MX,26.7092,-108.3219,80.15,20,59,7.52,broken clouds
458,Iskateley,RU,67.6803,53.1512,12.74,93,100,14.47,overcast clouds
459,Micomeseng,GQ,2.1462,10.6164,69.98,99,100,2.71,overcast clouds
460,Vostok,RU,46.4856,135.8833,-19.3,99,60,3.13,broken clouds
461,Price,US,39.5994,-110.8107,47.12,28,0,0.0,clear sky
462,Aklavik,CA,68.2191,-135.0107,2.23,97,100,3.65,overcast clouds
463,Maamba,ZM,-17.3667,27.15,68.45,94,100,3.85,light rain
464,Awjilah,LY,29.1081,21.2869,54.0,58,79,13.29,broken clouds
465,Palmerston,AU,-12.486,130.9833,85.98,73,20,21.85,few clouds
466,Zhigansk,RU,66.7697,123.3711,-33.23,100,100,1.74,overcast clouds
467,Teahupoo,PF,-17.8333,-149.2667,80.56,75,93,12.59,overcast clouds
468,Bonthe,SL,7.5264,-12.505,77.81,87,11,6.82,few clouds
469,Ust-Kan,RU,50.9276,84.761,2.64,91,93,3.67,overcast clouds
470,Jangaon,IN,17.7167,79.1833,63.37,28,1,4.05,clear sky
471,Killybegs,IE,54.6333,-8.45,43.45,75,89,28.86,overcast clouds
472,Takoradi,GH,4.8845,-1.7554,78.69,83,85,4.94,overcast clouds
473,Paragominas,BR,-2.9667,-47.4833,72.0,97,96,3.15,overcast clouds
474,Lakkoma,GR,40.3833,23.05,45.54,67,0,5.75,clear sky
475,Farafangana,MG,-22.8167,47.8333,74.41,79,19,3.71,few clouds
476,Fort-Shevchenko,KZ,44.5086,50.263,37.6,82,92,6.85,overcast clouds
477,Bodden Town,KY,19.2833,-81.25,70.0,57,40,8.99,scattered clouds
478,Seaca,RO,43.75,25.0667,39.88,60,40,22.15,scattered clouds
479,Cabedelo,BR,-6.9811,-34.8339,81.27,75,11,11.7,few clouds
480,Llaillay,CL,-32.85,-70.9667,83.12,55,1,7.36,clear sky
481,Bardsir,IR,29.9227,56.5743,33.85,45,80,11.01,broken clouds
482,Khilok,RU,51.3674,110.4676,-15.27,99,97,2.71,overcast clouds
483,Faanui,PF,-16.4833,-151.75,80.83,72,15,10.51,few clouds
484,Carlsbad,US,33.1581,-117.3506,76.39,68,0,4.0,clear sky
485,Eureka,US,40.8021,-124.1637,59.67,76,89,1.01,overcast clouds
486,Road Town,VG,18.4167,-64.6167,78.89,73,20,4.61,few clouds
487,Trelew,AR,-43.249,-65.3051,61.23,31,83,11.36,broken clouds
488,Concarneau,FR,47.875,-3.9225,50.83,75,100,12.48,overcast clouds
489,Henties Bay,NA,-22.116,14.2845,65.86,79,100,7.74,overcast clouds
490,Sokoto,NG,13.0609,5.239,70.03,11,3,16.78,clear sky
491,Yongan,CN,39.6957,113.6871,9.59,73,93,12.8,overcast clouds
492,Colesberg,ZA,-30.72,25.0972,70.59,59,100,13.11,light rain
493,Asau,RO,46.4333,26.4,40.39,65,99,16.69,overcast clouds
494,Kulebaki,RU,55.4133,42.5325,20.43,94,100,8.21,overcast clouds
495,Tutoia,BR,-2.7619,-42.2744,82.38,79,98,11.48,overcast clouds
496,Bo Rai,TH,12.5728,102.5371,82.85,95,48,1.28,scattered clouds
497,Ilyich,KZ,40.8464,68.5067,33.12,63,2,4.88,clear sky
498,Galesong,ID,-5.3166,119.3661,77.02,79,100,8.28,overcast clouds
499,Kavaratti,IN,10.5669,72.642,81.23,72,12,7.4,few clouds
500,Buarcos,PT,40.166,-8.8768,48.54,60,92,6.55,overcast clouds
501,Champerico,GT,14.3,-91.9167,91.94,68,4,10.71,clear sky
502,Abu Dhabi,AE,24.4667,54.3667,66.96,73,0,1.14,clear sky
503,Trairi,BR,-3.2778,-39.2689,76.75,88,100,6.33,overcast clouds
504,Kaseda,JP,31.4167,130.3167,40.23,59,7,14.32,clear sky
505,Mersing,MY,2.4312,103.8405,78.71,83,96,6.91,overcast clouds
506,Bayangol,RU,50.6977,103.4656,-17.46,97,38,3.15,scattered clouds
507,Kijang,KR,35.2442,129.2139,28.13,29,0,4.32,clear sky
508,Dauphin,CA,51.1494,-100.0502,24.94,68,0,9.22,clear sky
509,Kitgum,UG,3.2783,32.8867,75.33,32,76,0.72,broken clouds
510,Balotra,IN,25.8333,72.2333,61.74,67,0,8.25,clear sky
511,Bathsheba,BB,13.2167,-59.5167,79.41,69,40,13.8,scattered clouds
512,Vilani,LV,56.5525,26.9245,28.62,99,100,1.77,overcast clouds
513,Hurricane,US,37.1753,-113.2899,62.94,24,0,2.37,clear sky
514,Port Augusta,AU,-32.5,137.7667,87.71,36,98,6.08,overcast clouds
515,Port Hardy,CA,50.6996,-127.4199,42.76,93,100,6.91,light rain
516,Sisimiut,GL,66.9395,-53.6735,2.41,81,100,18.75,overcast clouds
517,Namibe,AO,-15.1961,12.1522,73.11,70,100,5.86,overcast clouds
518,Uturoa,PF,-16.7333,-151.4333,80.69,72,17,10.33,few clouds
519,Mnogovershinnyy,RU,53.9353,139.9242,1.9,96,100,6.24,light snow
520,Buraydah,SA,26.326,43.975,55.85,41,86,11.59,overcast clouds
521,Brookings,US,44.3114,-96.7984,22.05,80,0,13.8,clear sky
522,Swan Hill,AU,-35.3378,143.5544,85.55,28,0,5.39,clear sky
523,Zelezna Ruda,CZ,49.1374,13.2352,31.62,79,74,6.91,broken clouds
524,Mecca,SA,21.4267,39.8261,68.47,58,99,4.65,overcast clouds
525,Manaure,CO,11.7751,-72.4445,80.71,76,8,17.22,clear sky
526,Lubbock,US,33.6001,-101.8338,61.38,26,75,1.01,broken clouds
527,Wyndham,US,37.6985,-77.6125,35.4,45,40,5.01,scattered clouds
528,Atascadero,US,35.4894,-120.6707,69.46,33,0,5.99,clear sky
529,Iqaluit,CA,63.7506,-68.5145,-18.67,76,20,4.61,few clouds
530,Villazon,BO,-22.0866,-65.5942,52.23,79,81,10.27,broken clouds
531,Hobyo,SO,5.3505,48.5268,76.57,79,96,16.17,light rain
532,Vorontsovka,RU,50.6132,40.3549,32.54,97,100,17.31,light snow
533,Arlit,NE,18.7369,7.3853,63.9,15,1,13.73,clear sky
534,Fort Nelson,CA,58.8053,-122.7002,0.99,71,75,13.8,light snow
535,Bilsanda,IN,28.25,79.95,49.39,69,0,2.73,clear sky
536,Lavrentiya,RU,65.5833,-171.0,-5.22,91,5,3.78,clear sky
537,Dhidhdhoo,MV,6.8833,73.1,81.16,74,25,8.19,scattered clouds
538,Porto Nacional,BR,-10.7081,-48.4172,80.6,92,100,2.1,overcast clouds
539,Hay River,CA,60.8156,-115.7999,-7.62,77,100,6.91,light snow
540,Paulo Afonso,BR,-9.4061,-38.2147,82.33,55,90,14.34,overcast clouds
541,Yerbogachen,RU,61.2767,108.0108,-16.96,100,94,3.11,overcast clouds
542,Bilma,NE,18.6853,12.9164,58.37,16,0,18.59,clear sky
543,Rodino,RU,52.5,80.25,14.09,95,86,8.43,overcast clouds
544,Rehoboth,NA,-23.3167,17.0833,68.2,81,89,5.17,moderate rain
545,Port Macquarie,AU,-31.4333,152.9167,78.89,71,7,4.45,clear sky
546,Villa Del Rosario,CO,7.8339,-72.4742,75.58,69,75,8.05,broken clouds
547,Chapada Dos Guimaraes,BR,-15.4606,-55.7497,69.46,97,100,3.87,light rain
548,Canton,CN,23.1167,113.25,52.0,47,92,8.37,light rain
549,Morehead,US,37.2711,-87.1764,42.55,45,0,9.22,clear sky
550,Winnemucca,US,40.973,-117.7357,48.25,29,0,3.44,clear sky
551,Birao,CF,10.2849,22.7882,66.16,18,6,5.7,clear sky
552,Saint Marys,US,30.7305,-81.5465,55.65,31,0,1.99,clear sky
553,Jagraon,IN,30.7833,75.4833,46.2,58,0,2.33,clear sky
554,Vila Velha,BR,-20.3297,-40.2925,78.94,85,0,1.01,clear sky
555,Ovsyanka,RU,55.9575,92.5519,-11.78,99,46,4.07,scattered clouds
556,Jacareacanga,BR,-6.2222,-57.7528,71.58,97,100,1.97,overcast clouds
557,Sukumo,JP,32.9333,132.7333,39.42,63,5,8.7,clear sky
558,Vrangel,RU,42.7297,133.0839,14.0,67,4,8.52,clear sky
559,Amudat,UG,1.95,34.95,72.03,48,72,4.07,broken clouds
560,Sibolga,ID,1.7427,98.7792,75.81,89,96,3.31,overcast clouds
561,Sesimbra,PT,38.4445,-9.1015,57.85,55,0,8.14,clear sky
562,Ust-Kulom,RU,61.6864,53.6902,-9.58,100,87,2.59,overcast clouds
563,Jambi,ID,-1.6,103.6167,72.79,99,49,2.04,scattered clouds
564,Viedma,AR,-40.8135,-62.9967,63.18,45,53,20.2,broken clouds
565,Berekua,DM,15.2333,-61.3167,77.85,75,19,9.13,few clouds
566,Manuk Mangkaw,PH,4.8,119.85,81.23,74,67,7.94,broken clouds
567,Biak,ID,-0.9131,122.8766,77.27,79,99,6.69,overcast clouds
568,Kasongo-Lunda,CD,-6.4667,16.8167,71.92,88,100,2.08,overcast clouds
569,Badou,TG,7.5833,0.6,74.88,15,82,5.14,broken clouds
570,Raudeberg,NO,61.9875,5.1352,33.87,71,100,5.01,overcast clouds
571,Mae Sai,TH,20.4335,99.8762,56.89,71,1,2.44,clear sky
572,Morant Bay,JM,17.8815,-76.4093,78.42,85,44,8.68,scattered clouds
573,Lichuan,CN,30.3,108.85,29.16,94,90,1.72,snow
574,Kloulklubed,PW,7.0419,134.2556,75.7,73,98,14.25,overcast clouds
575,Constantine,DZ,36.365,6.6147,38.61,75,0,3.44,clear sky
576,Bonavista,CA,48.6499,-53.1147,38.12,72,89,35.03,overcast clouds
577,Gifhorn,DE,52.4833,10.55,39.38,73,100,1.99,overcast clouds
578,Baruun-Urt,MN,46.6806,113.2792,-8.5,95,77,4.76,broken clouds
579,Flin Flon,CA,54.7682,-101.865,6.64,78,100,6.91,light snow
580,Ahipara,NZ,-35.1667,173.1667,75.45,53,97,12.75,overcast clouds
581,Putina,PE,-15.4667,-69.4333,50.97,71,63,13.67,broken clouds
582,Nioro,GM,13.35,-15.75,83.44,20,86,5.06,overcast clouds
583,Hualmay,PE,-11.0964,-77.6139,72.19,79,100,9.84,overcast clouds
584,Paita,PE,-5.0892,-81.1144,77.56,77,84,14.38,broken clouds
585,Chara,RU,56.9064,118.2631,-20.16,90,95,1.68,overcast clouds
586,Nelson Bay,AU,-32.7167,152.15,81.75,80,71,1.99,broken clouds
587,Bordighera,IT,43.7806,7.6645,57.31,83,0,3.0,clear sky
588,San Miguel,SV,13.4833,-88.1833,94.6,31,0,8.05,clear sky
589,Praia,CV,14.9215,-23.5087,70.34,68,75,20.71,broken clouds
590,Havelock,US,34.8791,-76.9013,44.94,64,13,7.7,few clouds
591,Mount Isa,AU,-20.7333,139.5,76.77,94,75,12.66,broken clouds
592,Kharitonovo,RU,61.4009,47.4978,-2.25,100,94,4.07,overcast clouds
593,Anju,KP,39.6178,125.6647,20.16,51,1,2.66,clear sky
594,Tual,ID,-5.6667,132.75,84.07,77,100,20.0,overcast clouds
595,Vallenar,CL,-28.5708,-70.7581,73.02,50,0,6.4,clear sky
596,Ampanihy,MG,-24.7,44.75,69.76,79,68,11.39,broken clouds
597,Praia Da Vitoria,PT,38.7333,-27.0667,59.25,88,75,22.62,broken clouds
598,Kiama,AU,-34.6833,150.8667,82.26,71,23,5.99,few clouds
599,Kisumu,KE,-0.1022,34.7617,67.6,81,54,5.55,broken clouds
600,Gat,IL,31.61,34.7642,48.81,100,0,4.74,clear sky
601,Yashkul,RU,46.1711,45.3435,30.61,89,61,7.87,broken clouds
602,Cockburn Town,TC,21.4612,-71.1419,75.16,69,75,13.8,broken clouds
603,Mattru,SL,7.6244,-11.8332,73.65,91,14,1.97,few clouds
604,Tezu,IN,27.9167,96.1667,51.08,54,21,3.96,few clouds
605,Amapa,BR,1.0,-52.0,71.82,99,77,2.57,broken clouds
606,Gobabis,NA,-22.45,18.9667,67.21,83,78,13.33,light rain
607,Vestmanna,FO,62.1564,-7.1664,34.72,75,100,32.21,overcast clouds
608,Steinbach,DE,50.1667,8.5667,36.88,80,0,3.44,clear sky
609,Port Blair,IN,11.6667,92.75,71.37,72,34,6.87,scattered clouds
610,Wajima,JP,37.4,136.9,36.09,58,100,9.71,overcast clouds
611,Ekhabi,RU,53.5102,142.9671,9.14,93,100,21.25,light snow
612,Kalengwa,ZM,-13.4659,25.0027,63.82,97,100,4.61,overcast clouds
613,Pangai,TO,-19.8,-174.35,80.92,76,99,9.89,light rain
614,Saint-Pierre,RE,-21.3393,55.4781,76.68,73,9,11.5,clear sky
615,Eydhafushi,MV,5.1033,73.0708,81.52,76,29,13.2,scattered clouds
616,Mahibadhoo,MV,3.7833,72.9667,81.86,75,64,13.06,broken clouds
617,Dunedin,NZ,-45.8742,170.5036,68.81,67,1,11.99,clear sky
618,Yerofey Pavlovich,RU,53.9667,121.9667,-5.06,94,100,2.93,overcast clouds
619,Contamana,PE,-7.3333,-75.0167,74.7,93,100,2.64,overcast clouds
620,Tiangua,BR,-3.7322,-40.9917,66.25,92,100,5.3,overcast clouds
621,Chinhoyi,ZW,-17.3667,30.2,62.11,96,72,4.74,broken clouds
622,Chicama,PE,-7.8447,-79.1469,66.74,71,100,8.14,overcast clouds
623,Kragujevac,RS,44.0167,20.9167,37.69,72,6,12.19,clear sky
624,Nakamura,JP,32.9833,132.9333,36.28,69,4,4.56,clear sky
625,Luyang,CN,27.6239,110.0989,34.74,99,100,1.77,light snow
626,Taksimo,RU,56.3444,114.8794,-20.15,94,79,1.39,broken clouds
627,Yeniseysk,RU,58.4497,92.1703,-2.06,100,100,2.46,overcast clouds
628,Belmonte,BR,-15.8631,-38.8828,81.1,82,9,11.36,clear sky
629,Sangar,RU,63.9242,127.4739,-35.95,100,85,1.88,overcast clouds
630,Bosconia,CO,9.9689,-73.8836,83.1,54,59,7.11,broken clouds
631,North Platte,US,41.1239,-100.7654,60.69,15,0,10.0,clear sky
632,Muriwai Beach,NZ,-36.8167,174.45,75.96,61,90,14.23,overcast clouds
633,Trinidad,BO,-14.8333,-64.9,84.18,79,40,6.91,scattered clouds
634,Pelym,RU,61.0108,61.9978,-10.25,100,100,2.62,overcast clouds
635,Kargasok,RU,59.0556,80.8572,6.58,95,100,8.77,overcast clouds
636,Dubrovka,RU,53.6907,33.5071,31.98,96,98,10.63,light snow
637,Manzhouli,CN,49.6,117.4333,-13.67,96,13,5.95,few clouds
638,San Vicente,AR,-26.6167,-54.1333,70.18,72,38,3.65,light rain
639,Mayo,US,38.8876,-76.5119,31.35,54,40,3.0,scattered clouds
640,Liverpool,GB,53.4106,-2.9779,47.28,78,75,15.99,broken clouds
641,Botwood,CA,49.1499,-55.3482,33.31,69,85,21.32,overcast clouds
642,Joaima,BR,-16.6542,-41.0306,73.04,92,82,0.6,broken clouds
643,Madang,PG,-5.2246,145.7966,78.75,85,100,5.12,overcast clouds
644,Maningrida,AU,-12.0667,134.2667,79.97,86,100,13.73,overcast clouds
645,Oussouye,SN,12.485,-16.5469,78.98,71,100,9.75,overcast clouds
646,Avera,US,33.194,-82.5271,57.88,53,0,12.01,clear sky
647,Punta Alta,AR,-38.8759,-62.0736,63.5,56,67,15.12,broken clouds
648,Eirunepe,BR,-6.6603,-69.8736,78.93,75,99,2.77,overcast clouds
649,Mandalgovi,MN,45.7625,106.2708,-1.66,82,8,8.28,clear sky
650,Zaragoza,ES,41.6561,-0.8773,48.85,56,0,4.0,clear sky
651,Taoudenni,ML,22.6783,-3.9836,72.43,14,82,18.03,broken clouds
652,Billings,US,45.7833,-108.5007,50.5,28,75,16.11,broken clouds
653,Ibra,OM,22.6906,58.5334,66.13,36,0,2.44,clear sky
654,Chimoio,MZ,-19.1164,33.4833,71.46,100,20,1.36,few clouds
655,Becerril,CO,9.7041,-73.2793,85.71,42,82,3.98,broken clouds
656,Aksu,CN,41.1231,80.2644,21.45,57,4,0.56,clear sky
657,Jeremie,HT,18.65,-74.1167,74.68,85,77,11.16,broken clouds
658,Shu,KZ,43.5983,73.7614,29.68,83,62,3.76,broken clouds
659,Mkushi,ZM,-13.6202,29.3939,62.78,97,94,2.28,overcast clouds
660,Umm Lajj,SA,25.0213,37.2685,64.06,60,89,9.44,overcast clouds
661,Atherton,GB,53.5237,-2.4935,46.89,77,90,15.01,overcast clouds
662,Moose Factory,CA,51.2585,-80.6094,-5.8,65,40,5.75,scattered clouds
663,Swan River,CA,52.1058,-101.2676,21.09,73,93,10.36,overcast clouds
664,Cidreira,BR,-30.1811,-50.2056,73.76,70,5,18.92,clear sky
665,Panacan,PH,9.2463,118.4082,77.9,86,85,5.97,overcast clouds
666,Seryshevo,RU,51.0933,128.3786,-19.88,99,22,3.13,few clouds
667,Siguiri,GN,11.6667,-9.5,76.96,16,5,3.47,clear sky
668,Saint-Augustin,CA,51.226,-58.6502,15.15,84,99,36.31,overcast clouds
669,Vilyuysk,RU,63.7553,121.6247,-25.31,99,91,3.76,overcast clouds
670,Antofagasta,CL,-23.65,-70.4,69.08,78,16,7.87,few clouds
671,Krasnoselkup,RU,65.7,82.4667,2.3,95,99,8.23,overcast clouds
672,Cap-Haitien,HT,19.7578,-72.2042,74.61,82,58,11.5,broken clouds
673,Apiai,BR,-24.5094,-48.8425,62.87,100,99,1.74,overcast clouds
674,Marienburg,PL,54.0359,19.0266,37.06,65,100,21.18,overcast clouds
675,Fulton,US,33.7668,-84.4499,56.86,33,0,3.0,clear sky
676,Klaksvik,FO,62.2266,-6.589,36.52,67,100,39.48,overcast clouds
677,Anuradhapura,LK,8.3565,80.4173,71.24,97,14,4.36,few clouds
